DESCRIPCIÓN,Sexo_al_nacer,Total Poblacion
"VENTA, MANTENIMIENTO Y REPARACIÓN DE MOTOCICLETAS Y DE SUS PARTES, PIEZAS Y ACCESORIOS.",Hombre,26
"VENTA, MANTENIMIENTO Y REPARACIÓN DE MOTOCICLETAS Y DE SUS PARTES, PIEZAS Y ACCESORIOS.",Mujer,2
VENTA DE VEHÍCULOS AUTOMOTORES.,Hombre,45
VENTA DE VEHÍCULOS AUTOMOTORES.,Mujer,24
"VENTA DE PARTES, PIEZAS Y ACCESORIOS PARA VEHÍCULOS AUTOMOTORES.",Hombre,57
"VENTA DE PARTES, PIEZAS Y ACCESORIOS PARA VEHÍCULOS AUTOMOTORES.",Mujer,32
VENTA AL POR MENOR POR CORREO Y POR INTERNET.,Hombre,12
VENTA AL POR MENOR POR CORREO Y POR INTERNET.,Mujer,34
"VENTA AL POR MENOR EN COMERCIOS NO ESPECIALIZADOS CON PREDOMINIO DE LA VENTA DE ALIMENTOS, BEBIDAS O TABACO.",Hombre,157
"VENTA AL POR MENOR EN COMERCIOS NO ESPECIALIZADOS CON PREDOMINIO DE LA VENTA DE ALIMENTOS, BEBIDAS O TABACO.",Mujer,260
"VENTA AL POR MENOR DE TAPICES, ALFOMBRAS Y CUBRIMIENTOS PARA PAREDES Y PISOS EN COMERCIOS ESPECIALIZADOS.",Mujer,1
VENTA AL POR MENOR DE TABACO EN COMERCIOS ESPECIALIZADOS.,Hombre,1
"VENTA AL POR MENOR DE PRODUCTOS TEXTILES, PRENDAS DE VESTIR Y CALZADO EN PUESTOS DE VENTA Y MERCADOS.",Hombre,5
"VENTA AL POR MENOR DE PRODUCTOS TEXTILES, PRENDAS DE VESTIR Y CALZADO EN PUESTOS DE VENTA Y MERCADOS.",Mujer,10
VENTA AL POR MENOR DE PRODUCTOS TEXTILES EN COMERCIOS ESPECIALIZADOS.,Hombre,6
VENTA AL POR MENOR DE PRODUCTOS TEXTILES EN COMERCIOS ESPECIALIZADOS.,Mujer,7
"VENTA AL POR MENOR DE PRODUCTOS FARMACÉUTICOS Y MEDICINALES, COSMÉTICOS Y ARTÍCULOS DE TOCADOR EN COMERCIOS ESPECIALIZADOS.",Hombre,37
"VENTA AL POR MENOR DE PRODUCTOS FARMACÉUTICOS Y MEDICINALES, COSMÉTICOS Y ARTÍCULOS DE TOCADOR EN COMERCIOS ESPECIALIZADOS.",Mujer,54
"VENTA AL POR MENOR DE PRENDAS DE VESTIR, CALZADO Y ARTÍCULOS DE CUERO EN COMERCIOS ESPECIALIZADOS.",Hombre,52
"VENTA AL POR MENOR DE PRENDAS DE VESTIR, CALZADO Y ARTÍCULOS DE CUERO EN COMERCIOS ESPECIALIZADOS.",Mujer,135
VENTA AL POR MENOR DE OTROS PRODUCTOS NUEVOS EN COMERCIOS ESPECIALIZADOS.,Hombre,42
VENTA AL POR MENOR DE OTROS PRODUCTOS NUEVOS EN COMERCIOS ESPECIALIZADOS.,Mujer,40
VENTA AL POR MENOR DE OTROS PRODUCTOS EN PUESTOS DE VENTA Y MERCADOS.,Hombre,3
VENTA AL POR MENOR DE OTROS PRODUCTOS EN PUESTOS DE VENTA Y MERCADOS.,Mujer,5
"VENTA AL POR MENOR DE LIBROS, PERIÓDICOS Y ARTÍCULOS DE PAPELERÍA EN COMERCIOS ESPECIALIZADOS.",Hombre,14
"VENTA AL POR MENOR DE LIBROS, PERIÓDICOS Y ARTÍCULOS DE PAPELERÍA EN COMERCIOS ESPECIALIZADOS.",Mujer,24
VENTA AL POR MENOR DE JUEGOS Y JUGUETES EN COMERCIOS ESPECIALIZADOS.,Mujer,2
VENTA AL POR MENOR DE GRABACIONES DE MÚSICA Y DE VÍDEO EN COMERCIOS ESPECIALIZADOS.,Mujer,1
VENTA AL POR MENOR DE EQUIPO DE SONIDO Y VÍDEO EN COMERCIOS ESPECIALIZADOS.,Hombre,3
VENTA AL POR MENOR DE EQUIPO DE SONIDO Y VÍDEO EN COMERCIOS ESPECIALIZADOS.,Mujer,2
VENTA AL POR MENOR DE EQUIPO DE DEPORTE EN COMERCIOS ESPECIALIZADOS.,Hombre,2
VENTA AL POR MENOR DE EQUIPO DE DEPORTE EN COMERCIOS ESPECIALIZADOS.,Mujer,2
"VENTA AL POR MENOR DE COMPUTADORES, EQUIPO PERIFÉRICO, PROGRAMAS INFORMÁTICOS Y EQUIPO DE TELECOMUNICACIONES EN COMERCIOS ESPECIALIZADOS.",Hombre,25
"VENTA AL POR MENOR DE COMPUTADORES, EQUIPO PERIFÉRICO, PROGRAMAS INFORMÁTICOS Y EQUIPO DE TELECOMUNICACIONES EN COMERCIOS ESPECIALIZADOS.",Mujer,16
VENTA AL POR MENOR DE COMBUSTIBLES PARA VEHÍCULOS AUTOMOTORES EN COMERCIOS ESPECIALIZADOS.,Hombre,16
VENTA AL POR MENOR DE COMBUSTIBLES PARA VEHÍCULOS AUTOMOTORES EN COMERCIOS ESPECIALIZADOS.,Mujer,4
VENTA AL POR MENOR DE BEBIDAS EN COMERCIOS ESPECIALIZADOS.,Hombre,12
VENTA AL POR MENOR DE BEBIDAS EN COMERCIOS ESPECIALIZADOS.,Mujer,3
VENTA AL POR MENOR DE ARTÍCULOS DE SEGUNDA MANO EN COMERCIOS ESPECIALIZADOS.,Hombre,2
"VENTA AL POR MENOR DE ARTÍCULOS DE FERRETERÍA, PINTURAS Y PRODUCTOS DE VIDRIO EN COMERCIOS ESPECIALIZADOS.",Hombre,123
"VENTA AL POR MENOR DE ARTÍCULOS DE FERRETERÍA, PINTURAS Y PRODUCTOS DE VIDRIO EN COMERCIOS ESPECIALIZADOS.",Mujer,79
"VENTA AL POR MENOR DE APARATOS ELÉCTRICOS DE USO DOMÉSTICO, MUEBLES, EQUIPO DE ILUMINACIÓN Y OTROS ENSERES DOMÉSTICOS EN COMERCIOS ESPECIALIZADOS.",Hombre,73
"VENTA AL POR MENOR DE APARATOS ELÉCTRICOS DE USO DOMÉSTICO, MUEBLES, EQUIPO DE ILUMINACIÓN Y OTROS ENSERES DOMÉSTICOS EN COMERCIOS ESPECIALIZADOS.",Mujer,48
"VENTA AL POR MENOR DE ALIMENTOS, BEBIDAS Y TABACO EN PUESTOS DE VENTA Y MERCADOS.",Hombre,10
"VENTA AL POR MENOR DE ALIMENTOS, BEBIDAS Y TABACO EN PUESTOS DE VENTA Y MERCADOS.",Mujer,20
VENTA AL POR MENOR DE ALIMENTOS EN COMERCIOS ESPECIALIZADOS.,Hombre,32
VENTA AL POR MENOR DE ALIMENTOS EN COMERCIOS ESPECIALIZADOS.,Mujer,43
"VENTA AL POR MAYOR DE TEXTILES, PRENDAS DE VESTIR Y CALZADO.",Mujer,2
VENTA AL POR MAYOR DE OTROS TIPOS DE MAQUINARIA Y EQUIPO.,Hombre,19
VENTA AL POR MAYOR DE OTROS TIPOS DE MAQUINARIA Y EQUIPO.,Mujer,5
VENTA AL POR MAYOR DE OTROS PRODUCTOS NO ESPECIALIZADO.,Hombre,2
VENTA AL POR MAYOR DE OTROS PRODUCTOS NO ESPECIALIZADO.,Mujer,6
VENTA AL POR MAYOR DE OTROS ENSERES DOMÉSTICOS.,Hombre,17
VENTA AL POR MAYOR DE OTROS ENSERES DOMÉSTICOS.,Mujer,28
VENTA AL POR MAYOR DE MATERIAS PRIMAS AGROPECUARIAS Y ANIMALES VIVOS.,Hombre,2
VENTA AL POR MAYOR DE MATERIAS PRIMAS AGROPECUARIAS Y ANIMALES VIVOS.,Mujer,7
"VENTA AL POR MAYOR DE MATERIALES PARA LA CONSTRUCCIÓN, ARTÍCULOS DE FERRETERÍA, EQUIPO, MATERIALES DE FONTANERÍA (PLOMERÍA O GASFITERÍA) Y CALEFACCIÓN.",Hombre,31
"VENTA AL POR MAYOR DE MATERIALES PARA LA CONSTRUCCIÓN, ARTÍCULOS DE FERRETERÍA, EQUIPO, MATERIALES DE FONTANERÍA (PLOMERÍA O GASFITERÍA) Y CALEFACCIÓN.",Mujer,13
"VENTA AL POR MAYOR DE MAQUINARIA, EQUIPO Y MATERIALES AGROPECUARIOS.",Hombre,1
"VENTA AL POR MAYOR DE EQUIPO, PARTES Y PIEZAS ELECTRÓNICOS Y DE TELECOMUNICACIONES.",Hombre,3
"VENTA AL POR MAYOR DE EQUIPO, PARTES Y PIEZAS ELECTRÓNICOS Y DE TELECOMUNICACIONES.",Mujer,3
"VENTA AL POR MAYOR DE DESPERDICIOS, DESECHOS, CHATARRA Y OTROS PRODUCTOS N.C.P.",Hombre,31
"VENTA AL POR MAYOR DE DESPERDICIOS, DESECHOS, CHATARRA Y OTROS PRODUCTOS N.C.P.",Mujer,29
"VENTA AL POR MAYOR DE COMPUTADORAS, EQUIPO Y PROGRAMAS INFORMÁTICOS.",Hombre,13
"VENTA AL POR MAYOR DE COMPUTADORAS, EQUIPO Y PROGRAMAS INFORMÁTICOS.",Mujer,3
"VENTA AL POR MAYOR DE COMBUSTIBLES SÓLIDOS, LÍQUIDOS Y GASEOSOS Y PRODUCTOS CONEXOS.",Hombre,2
"VENTA AL POR MAYOR DE COMBUSTIBLES SÓLIDOS, LÍQUIDOS Y GASEOSOS Y PRODUCTOS CONEXOS.",Mujer,1
"VENTA AL POR MAYOR DE ALIMENTOS, BEBIDAS Y TABACO.",Hombre,20
"VENTA AL POR MAYOR DE ALIMENTOS, BEBIDAS Y TABACO.",Mujer,12
VENTA AL POR MAYOR A CAMBIO DE UNA COMISIÓN O POR CONTRATO.,Hombre,4
VENTA AL POR MAYOR A CAMBIO DE UNA COMISIÓN O POR CONTRATO.,Mujer,1
TRATAMIENTO Y REVESTIMIENTO DE METALES; MAQUINADO.,Hombre,17
TRATAMIENTO Y REVESTIMIENTO DE METALES; MAQUINADO.,Mujer,3
TRANSPORTE URBANO Y SUBURBANO DE PASAJEROS POR VÍA TERRESTRE.,Hombre,98
TRANSPORTE URBANO Y SUBURBANO DE PASAJEROS POR VÍA TERRESTRE.,Mujer,11
TRANSPORTE DE PASAJEROS POR VÍA AÉREA.,Hombre,2
TRANSPORTE DE PASAJEROS POR VÍA AÉREA.,Mujer,3
TRANSPORTE DE CARGA POR FERROCARRIL.,Hombre,1
TRANSPORTE DE CARGA POR CARRETERA.,Hombre,264
TRANSPORTE DE CARGA POR CARRETERA.,Mujer,17
TRANSMISIONES DE RADIO.,Hombre,5
TERMINACIÓN Y ACABADO DE EDIFICIOS.,Hombre,19
TERMINACIÓN Y ACABADO DE EDIFICIOS.,Mujer,4
TEJEDURA DE PRODUCTOS TEXTILES.,Hombre,14
TEJEDURA DE PRODUCTOS TEXTILES.,Mujer,9
SUMINISTRO DE COMIDAS POR ENCARGO.,Mujer,2
SILVICULTURA Y OTRAS ACTIVIDADES FORESTALES.,Hombre,1
SERVICIO DE ACABADO DE PRODUCTOS TEXTILES.,Hombre,4
SEGUROS GENERALES.,Hombre,6
SEGUROS GENERALES.,Mujer,5
SEGUROS DE VIDA.,Mujer,3
SE IGNORA,Hombre,259
SE IGNORA,Mujer,427
REPARACIÓN DE PRODUCTOS ELABORADOS DE METAL.,Hombre,2
REPARACIÓN DE OTROS BIENES PERSONALES Y ENSERES DOMÉSTICOS.,Hombre,6
REPARACIÓN DE OTROS BIENES PERSONALES Y ENSERES DOMÉSTICOS.,Mujer,30
REPARACIÓN DE MUEBLES Y ACCESORIOS DOMÉSTICOS.,Hombre,1
REPARACIÓN DE MAQUINARIA.,Hombre,15
REPARACIÓN DE MAQUINARIA.,Mujer,4
REPARACIÓN DE EQUIPO ELECTRÓNICO Y ÓPTICO.,Hombre,3
REPARACIÓN DE EQUIPO ELÉCTRICO.,Hombre,1
REPARACIÓN DE EQUIPO DE COMUNICACIONES.,Hombre,10
REPARACIÓN DE EQUIPO DE COMUNICACIONES.,Mujer,1
REPARACIÓN DE COMPUTADORAS Y EQUIPO PERIFÉRICO.,Hombre,14
REPARACIÓN DE COMPUTADORAS Y EQUIPO PERIFÉRICO.,Mujer,8
REPARACIÓN DE CALZADO Y ARTÍCULOS DE CUERO.,Hombre,5
REPARACIÓN DE CALZADO Y ARTÍCULOS DE CUERO.,Mujer,2
REPARACIÓN DE APARATOS ELECTRÓNICOS DE CONSUMO.,Hombre,3
REPARACIÓN DE APARATOS DE USO DOMÉSTICO Y EQUIPO DOMÉSTICO Y DE JARDINERÍA.,Hombre,5
REGULACIÓN Y FACILITACIÓN DE LA ACTIVIDAD ECONÓMICA.,Hombre,16
REGULACIÓN Y FACILITACIÓN DE LA ACTIVIDAD ECONÓMICA.,Mujer,13
"REGULACIÓN DE LAS ACTIVIDADES DE ORGANISMOS QUE PRESTAN SERVICIOS SANITARIOS, EDUCATIVOS, CULTURALES Y OTROS SERVICIOS SOCIALES, EXCEPTO SERVICIOS DE SEGURIDAD SOCIAL.",Hombre,36
"REGULACIÓN DE LAS ACTIVIDADES DE ORGANISMOS QUE PRESTAN SERVICIOS SANITARIOS, EDUCATIVOS, CULTURALES Y OTROS SERVICIOS SOCIALES, EXCEPTO SERVICIOS DE SEGURIDAD SOCIAL.",Mujer,95
RECOLECCIÓN DE DESECHOS NO PELIGROSOS.,Hombre,15
RECOLECCIÓN DE DESECHOS NO PELIGROSOS.,Mujer,9
PUBLICIDAD.,Hombre,27
PUBLICIDAD.,Mujer,20
PUBLICACIÓN DE PROGRAMAS INFORMÁTICOS.,Hombre,2
"PUBLICACIÓN DE PERIÓDICOS, DIARIOS Y REVISTAS.",Hombre,1
"PUBLICACIÓN DE PERIÓDICOS, DIARIOS Y REVISTAS.",Mujer,2
"PUBLICACIÓN DE LIBROS, PERIÓDICOS Y OTRAS ACTIVIDADES DE PUBLICACIÓN.",Hombre,1
PROPAGACIÓN DE PLANTAS.,Hombre,4
PROPAGACIÓN DE PLANTAS.,Mujer,3
PROGRAMACIÓN Y TRANSMISIONES DE TELEVISIÓN.,Hombre,1
PREPARACIÓN E HILATURA DE FIBRAS TEXTILES.,Hombre,4
PREPARACIÓN E HILATURA DE FIBRAS TEXTILES.,Mujer,4
PREPARACIÓN DEL TERRENO.,Hombre,6
POMPAS FÚNEBRES Y ACTIVIDADES CONEXAS.,Hombre,4
POMPAS FÚNEBRES Y ACTIVIDADES CONEXAS.,Mujer,4
PESCA MARINA.,Mujer,1
OTROS TIPOS DE INTERMEDIACIÓN MONETARIA.,Hombre,79
OTROS TIPOS DE INTERMEDIACIÓN MONETARIA.,Mujer,92
OTROS TIPOS DE ENSEÑANZA N.C.P.,Hombre,8
OTROS TIPOS DE ENSEÑANZA N.C.P.,Mujer,19
OTROS SERVICIOS DE RESERVAS Y ACTIVIDADES CONEXAS.,Hombre,3
OTROS SERVICIOS DE RESERVAS Y ACTIVIDADES CONEXAS.,Mujer,2
OTRAS INSTALACIONES PARA OBRAS DE CONSTRUCCIÓN.,Hombre,5
OTRAS INDUSTRIAS MANUFACTURERAS N.C.P.,Hombre,31
OTRAS INDUSTRIAS MANUFACTURERAS N.C.P.,Mujer,24
"OTRAS ACTIVIDADES PROFESIONALES, CIENTÍFICAS Y TÉCNICAS N.C.P.",Hombre,7
"OTRAS ACTIVIDADES PROFESIONALES, CIENTÍFICAS Y TÉCNICAS N.C.P.",Mujer,6
OTRAS ACTIVIDADES ESPECIALIZADAS DE CONSTRUCCIÓN.,Hombre,3
OTRAS ACTIVIDADES DEPORTIVAS.,Hombre,2
OTRAS ACTIVIDADES DEPORTIVAS.,Mujer,1
"OTRAS ACTIVIDADES DE VENTA AL POR MENOR NO REALIZADAS EN COMERCIOS, PUESTOS DE VENTA O MERCADOS.",Hombre,74
"OTRAS ACTIVIDADES DE VENTA AL POR MENOR NO REALIZADAS EN COMERCIOS, PUESTOS DE VENTA O MERCADOS.",Mujer,98
OTRAS ACTIVIDADES DE VENTA AL POR MENOR EN COMERCIOS NO ESPECIALIZADOS.,Hombre,38
OTRAS ACTIVIDADES DE VENTA AL POR MENOR EN COMERCIOS NO ESPECIALIZADOS.,Mujer,33
OTRAS ACTIVIDADES DE TRANSPORTE DE PASAJEROS POR VÍA TERRESTRE.,Hombre,382
OTRAS ACTIVIDADES DE TRANSPORTE DE PASAJEROS POR VÍA TERRESTRE.,Mujer,46
OTRAS ACTIVIDADES DE TELECOMUNICACIONES.,Hombre,7
OTRAS ACTIVIDADES DE TELECOMUNICACIONES.,Mujer,8
OTRAS ACTIVIDADES DE TECNOLOGÍA DE LA INFORMACIÓN Y DE SERVICIOS INFORMÁTICOS.,Hombre,1
OTRAS ACTIVIDADES DE SERVICIOS PERSONALES N.C.P.,Hombre,8
OTRAS ACTIVIDADES DE SERVICIOS PERSONALES N.C.P.,Mujer,12
"OTRAS ACTIVIDADES DE SERVICIOS FINANCIEROS, EXCEPTO LAS DE SEGUROS Y FONDOS DE PENSIONES, N.C.P.",Hombre,1
"OTRAS ACTIVIDADES DE SERVICIOS FINANCIEROS, EXCEPTO LAS DE SEGUROS Y FONDOS DE PENSIONES, N.C.P.",Mujer,1
OTRAS ACTIVIDADES DE SERVICIOS DE APOYO A EMPRESAS N.C.P.,Mujer,2
OTRAS ACTIVIDADES DE SERVICIO DE COMIDAS.,Mujer,4
OTRAS ACTIVIDADES DE LIMPIEZA DE EDIFICIOS E INSTALACIONES INDUSTRIALES.,Hombre,1
OTRAS ACTIVIDADES DE LIMPIEZA DE EDIFICIOS E INSTALACIONES INDUSTRIALES.,Mujer,1
OTRAS ACTIVIDADES DE DOTACIÓN DE RECURSOS HUMANOS.,Mujer,1
OTRAS ACTIVIDADES DE CONCESIÓN DE CRÉDITO.,Hombre,2
OTRAS ACTIVIDADES DE CONCESIÓN DE CRÉDITO.,Mujer,1
OTRAS ACTIVIDADES DE ATENCIÓN EN INSTITUCIONES.,Mujer,5
OTRAS ACTIVIDADES DE ATENCIÓN DE LA SALUD HUMANA.,Hombre,29
OTRAS ACTIVIDADES DE ATENCIÓN DE LA SALUD HUMANA.,Mujer,49
OTRAS ACTIVIDADES DE ASISTENCIA SOCIAL SIN ALOJAMIENTO.,Hombre,4
OTRAS ACTIVIDADES DE ASISTENCIA SOCIAL SIN ALOJAMIENTO.,Mujer,41
OTRAS ACTIVIDADES DE APOYO AL TRANSPORTE.,Hombre,4
OTRAS ACTIVIDADES DE APOYO AL TRANSPORTE.,Mujer,6
OTRAS ACTIVIDADES AUXILIARES A LAS ACTIVIDADES DE SERVICIOS FINANCIEROS.,Hombre,2
OTRAS ACTIVIDADES AUXILIARES A LAS ACTIVIDADES DE SERVICIOS FINANCIEROS.,Mujer,1
ORGANIZACIÓN DE CONVENCIONES Y EXPOSICIONES COMERCIALES.,Hombre,10
ORGANIZACIÓN DE CONVENCIONES Y EXPOSICIONES COMERCIALES.,Mujer,7
MANTENIMIENTO Y REPARACIÓN DE VEHÍCULOS AUTOMOTORES.,Hombre,343
MANTENIMIENTO Y REPARACIÓN DE VEHÍCULOS AUTOMOTORES.,Mujer,22
MANIPULACIÓN DE CARGA.,Hombre,13
LIMPIEZA GENERAL DE EDIFICIOS.,Hombre,30
LIMPIEZA GENERAL DE EDIFICIOS.,Mujer,154
"LAVADO Y LIMPIEZA, INCLUIDA LA LIMPIEZA EN SECO, DE PRODUCTOS TEXTILES Y DE PIEL.",Hombre,1
"LAVADO Y LIMPIEZA, INCLUIDA LA LIMPIEZA EN SECO, DE PRODUCTOS TEXTILES Y DE PIEL.",Mujer,14
INVESTIGACIONES Y DESARROLLO EXPERIMENTAL EN EL CAMPO DE LAS CIENCIAS NATURALES Y LA INGENIERÍA.,Hombre,2
INVESTIGACIONES Y DESARROLLO EXPERIMENTAL EN EL CAMPO DE LAS CIENCIAS NATURALES Y LA INGENIERÍA.,Mujer,1
INSTALACIONES ELÉCTRICAS.,Hombre,56
INDUSTRIAS BÁSICAS DE HIERRO Y ACERO.,Hombre,17
INDUSTRIAS BÁSICAS DE HIERRO Y ACERO.,Mujer,5
"GENERACIÓN, TRANSMISIÓN Y DISTRIBUCIÓN DE ENERGÍA ELÉCTRICA.",Hombre,45
"GENERACIÓN, TRANSMISIÓN Y DISTRIBUCIÓN DE ENERGÍA ELÉCTRICA.",Mujer,12
FUNDICIÓN DE HIERRO Y ACERO.,Hombre,1
"FOTOCOPIADO, PREPARACIÓN DE DOCUMENTOS Y OTRAS ACTIVIDADES ESPECIALIZADAS DE APOYO DE OFICINA.",Hombre,4
"FOTOCOPIADO, PREPARACIÓN DE DOCUMENTOS Y OTRAS ACTIVIDADES ESPECIALIZADAS DE APOYO DE OFICINA.",Mujer,3
"FONTANERÍA (PLOMERÍA, GASFITERÍA) E INSTALACIÓN DE CALEFACCIÓN Y AIRE ACONDICIONADO.",Hombre,8
"FONTANERÍA (PLOMERÍA, GASFITERÍA) E INSTALACIÓN DE CALEFACCIÓN Y AIRE ACONDICIONADO.",Mujer,1
FABRICACIÓN DE VIDRIO Y PRODUCTOS DE VIDRIO.,Hombre,25
FABRICACIÓN DE VIDRIO Y PRODUCTOS DE VIDRIO.,Mujer,6
FABRICACIÓN DE VEHÍCULOS AUTOMOTORES.,Hombre,2
"FABRICACIÓN DE TANQUES, DEPÓSITOS Y RECIPIENTES DE METAL.",Hombre,2
FABRICACIÓN DE SUBSTANCIAS QUÍMICAS BÁSICAS.,Hombre,6
FABRICACIÓN DE PRODUCTOS REFRACTARIOS.,Hombre,14
FABRICACIÓN DE PRODUCTOS REFRACTARIOS.,Mujer,5
FABRICACIÓN DE PRODUCTOS PRIMARIOS DE METALES PRECIOSOS Y METALES NO FERROSOS.,Hombre,9
FABRICACIÓN DE PRODUCTOS METÁLICOS PARA USO ESTRUCTURAL.,Hombre,119
FABRICACIÓN DE PRODUCTOS METÁLICOS PARA USO ESTRUCTURAL.,Mujer,2
"FABRICACIÓN DE PRODUCTOS FARMACÉUTICOS, SUSTANCIAS QUÍMICAS MEDICINALES Y PRODUCTOS BOTÁNICOS DE USO FARMACÉUTICO.",Hombre,4
"FABRICACIÓN DE PRODUCTOS FARMACÉUTICOS, SUSTANCIAS QUÍMICAS MEDICINALES Y PRODUCTOS BOTÁNICOS DE USO FARMACÉUTICO.",Mujer,3
FABRICACIÓN DE PRODUCTOS DE PLÁSTICO.,Hombre,114
FABRICACIÓN DE PRODUCTOS DE PLÁSTICO.,Mujer,6
FABRICACIÓN DE PRODUCTOS DE LA REFINACIÓN DEL PETRÓLEO.,Mujer,1
"FABRICACIÓN DE PRENDAS DE VESTIR, EXCEPTO PRENDAS DE PIEL.",Hombre,41
"FABRICACIÓN DE PRENDAS DE VESTIR, EXCEPTO PRENDAS DE PIEL.",Mujer,299
FABRICACIÓN DE PLÁSTICOS Y CAUCHOS SINTÉTICOS EN FORMAS PRIMARIAS.,Hombre,25
FABRICACIÓN DE PLÁSTICOS Y CAUCHOS SINTÉTICOS EN FORMAS PRIMARIAS.,Mujer,1
FABRICACIÓN DE PLAGUICIDAS Y OTROS PRODUCTOS QUÍMICOS DE USO AGROPECUARIO.,Hombre,2
"FABRICACIÓN DE PINTURAS, BARNICES Y PRODUCTOS DE REVESTIMIENTO SIMILARES, TINTAS DE IMPRENTA Y MASILLAS.",Hombre,11
"FABRICACIÓN DE PASTA DE MADERA, PAPEL Y CARTÓN.",Hombre,6
"FABRICACIÓN DE PARTES, PIEZAS Y ACCESORIOS PARA VEHÍCULOS AUTOMOTORES.",Hombre,4
"FABRICACIÓN DE PARTES, PIEZAS Y ACCESORIOS PARA VEHÍCULOS AUTOMOTORES.",Mujer,1
FABRICACIÓN DE PARTES Y PIEZAS DE CARPINTERÍA PARA EDIFICIOS Y CONSTRUCCIONES.,Hombre,22
FABRICACIÓN DE PARTES Y PIEZAS DE CARPINTERÍA PARA EDIFICIOS Y CONSTRUCCIONES.,Mujer,3
FABRICACIÓN DE PAPEL Y CARTÓN ONDULADO Y DE ENVASES DE PAPEL Y CARTÓN.,Hombre,23
FABRICACIÓN DE PAPEL Y CARTÓN ONDULADO Y DE ENVASES DE PAPEL Y CARTÓN.,Mujer,3
FABRICACIÓN DE OTROS TIPOS DE MAQUINARIA DE USO GENERAL.,Hombre,4
FABRICACIÓN DE OTROS TIPOS DE EQUIPO ELÉCTRICO.,Hombre,2
FABRICACIÓN DE OTROS PRODUCTOS TEXTILES N.C.P.,Hombre,3
FABRICACIÓN DE OTROS PRODUCTOS TEXTILES N.C.P.,Mujer,3
FABRICACIÓN DE OTROS PRODUCTOS QUÍMICOS N.C.P.,Hombre,3
FABRICACIÓN DE OTROS PRODUCTOS MINERALES NO METÁLICOS N.C.P.,Hombre,1
FABRICACIÓN DE OTROS PRODUCTOS ELABORADOS DE METAL N.C.P.,Hombre,6
FABRICACIÓN DE OTROS PRODUCTOS DE PORCELANA Y DE CERÁMICA.,Hombre,4
FABRICACIÓN DE OTROS PRODUCTOS DE PORCELANA Y DE CERÁMICA.,Mujer,4
"FABRICACIÓN DE OTROS PRODUCTOS DE MADERA; FABRICACIÓN DE ARTÍCULOS DE CORCHO, PAJA Y MATERIALES TRENZABLES.",Hombre,8
"FABRICACIÓN DE OTROS PRODUCTOS DE MADERA; FABRICACIÓN DE ARTÍCULOS DE CORCHO, PAJA Y MATERIALES TRENZABLES.",Mujer,3
FABRICACIÓN DE OTROS ARTÍCULOS DEL PAPEL Y CARTÓN.,Hombre,9
FABRICACIÓN DE OTROS ARTÍCULOS DEL PAPEL Y CARTÓN.,Mujer,6
FABRICACIÓN DE MUEBLES.,Hombre,211
FABRICACIÓN DE MUEBLES.,Mujer,73
"FABRICACIÓN DE MOTORES, GENERADORES, TRANSFORMADORES ELÉCTRICOS Y APARATOS DE DISTRIBUCIÓN Y CONTROL DE LA ENERGÍA ELÉCTRICA.",Hombre,3
"FABRICACIÓN DE MOTORES Y TURBINAS, EXCEPTO MOTORES PARA AERONAVES, VEHÍCULOS AUTOMOTORES Y MOTOCICLETAS.",Hombre,1
FABRICACIÓN DE MATERIALES DE CONSTRUCCIÓN DE ARCILLA.,Hombre,84
FABRICACIÓN DE MATERIALES DE CONSTRUCCIÓN DE ARCILLA.,Mujer,13
"FABRICACIÓN DE MAQUINARIA PARA LA ELABORACIÓN DE ALIMENTOS, BEBIDAS Y TABACO.",Hombre,14
"FABRICACIÓN DE MAQUINARIA PARA LA ELABORACIÓN DE ALIMENTOS, BEBIDAS Y TABACO.",Mujer,6
FABRICACIÓN DE MAQUINARIA PARA LA CONFORMACIÓN DE METALES Y DE MÁQUINAS HERRAMIENTA.,Hombre,1
"FABRICACIÓN DE MALETAS, BOLSOS DE MANO Y ARTÍCULOS SIMILARES, ARTÍCULOS DE TALABARTERÍA Y GUARNICIONERÍA.",Hombre,6
FABRICACIÓN DE JUEGOS Y JUGUETES.,Mujer,1
FABRICACIÓN DE JOYAS Y ARTÍCULOS CONEXOS.,Hombre,4
FABRICACIÓN DE JOYAS Y ARTÍCULOS CONEXOS.,Mujer,5
"FABRICACIÓN DE JABONES Y DETERGENTES, PREPARADOS PARA LIMPIAR Y PULIR, PERFUMES Y PREPARADOS DE TOCADOR.",Hombre,4
"FABRICACIÓN DE JABONES Y DETERGENTES, PREPARADOS PARA LIMPIAR Y PULIR, PERFUMES Y PREPARADOS DE TOCADOR.",Mujer,4
FABRICACIÓN DE INSTRUMENTOS Y MATERIALES MÉDICOS Y ODONTOLÓGICOS.,Hombre,1
FABRICACIÓN DE INSTRUMENTOS Y MATERIALES MÉDICOS Y ODONTOLÓGICOS.,Mujer,1
FABRICACIÓN DE INSTRUMENTOS MUSICALES.,Hombre,1
FABRICACIÓN DE FIBRAS ARTIFICIALES.,Hombre,1
"FABRICACIÓN DE EQUIPOS DE MEDICIÓN, PRUEBA, NAVEGACIÓN, CONTROL Y DE RELOJES.",Hombre,1
FABRICACIÓN DE EQUIPO DE ELEVACIÓN Y MANIPULACIÓN.,Hombre,2
FABRICACIÓN DE DISPOSITIVOS DE CABLEADO.,Hombre,2
"FABRICACIÓN DE CUERDAS, CORDELES, BRAMANTES Y REDES.",Mujer,1
FABRICACIÓN DE CUBIERTAS Y CÁMARAS DE CAUCHO; RECAUCHUTADO Y RENOVACIÓN DE CUBIERTAS DE CAUCHO.,Hombre,61
FABRICACIÓN DE CUBIERTAS Y CÁMARAS DE CAUCHO; RECAUCHUTADO Y RENOVACIÓN DE CUBIERTAS DE CAUCHO.,Mujer,5
FABRICACIÓN DE COMPONENTES Y TABLEROS ELECTRÓNICOS.,Hombre,4
"FABRICACIÓN DE CEMENTO, CAL Y YESO.",Hombre,14
FABRICACIÓN DE CARROCERÍAS PARA VEHÍCULOS AUTOMOTORES; FABRICACIÓN DE REMOLQUES Y SEMIRREMOLQUES.,Hombre,2
FABRICACIÓN DE CALZADO.,Hombre,5
FABRICACIÓN DE CALZADO.,Mujer,8
FABRICACIÓN DE BICICLETAS Y DE SILLAS DE RUEDAS PARA INVÁLIDOS.,Mujer,1
FABRICACIÓN DE ARTÍCULOS DE PUNTO Y GANCHILLO.,Hombre,1
FABRICACIÓN DE ARTÍCULOS DE PUNTO Y GANCHILLO.,Mujer,3
"FABRICACIÓN DE ARTÍCULOS DE HORMIGÓN, DE CEMENTO Y YESO.",Hombre,24
"FABRICACIÓN DE ARTÍCULOS DE HORMIGÓN, DE CEMENTO Y YESO.",Mujer,2
"FABRICACIÓN DE ARTÍCULOS DE CUCHILLERÍA, HERRAMIENTAS DE MANO Y ARTÍCULOS DE FERRETERÍA.",Hombre,4
"FABRICACIÓN DE ARTÍCULOS DE CUCHILLERÍA, HERRAMIENTAS DE MANO Y ARTÍCULOS DE FERRETERÍA.",Mujer,1
"FABRICACIÓN DE ARTÍCULOS CONFECCIONADOS DE MATERIALES TEXTILES, EXCEPTO PRENDAS DE VESTIR.",Hombre,2
"FABRICACIÓN DE ARTÍCULOS CONFECCIONADOS DE MATERIALES TEXTILES, EXCEPTO PRENDAS DE VESTIR.",Mujer,12
FABRICACIÓN DE APARATOS ELECTRÓNICOS DE CONSUMO.,Hombre,3
FABRICACIÓN DE APARATOS ELECTRÓNICOS DE CONSUMO.,Mujer,1
FABRICACIÓN DE APARATOS DE USO DOMÉSTICO.,Hombre,91
FABRICACIÓN DE APARATOS DE USO DOMÉSTICO.,Mujer,13
"EXTRACCIÓN DE PIEDRA, ARENA Y ARCILLA.",Hombre,1
EXTRACCIÓN DE OTROS MINERALES METALÍFEROS NO FERROSOS.,Hombre,7
EXTRACCIÓN DE MADERA.,Hombre,13
EXTRACCIÓN DE GAS NATURAL.,Hombre,3
EXPLOTACIÓN DE OTRAS MINAS Y CANTERAS N.C.P.,Hombre,10
EXPLOTACIÓN DE OTRAS MINAS Y CANTERAS N.C.P.,Mujer,2
EXPLOTACIÓN DE INSTALACIONES DEPORTIVAS.,Hombre,14
EXPLOTACIÓN DE INSTALACIONES DEPORTIVAS.,Mujer,8
ENSEÑANZA SUPERIOR.,Hombre,56
ENSEÑANZA SUPERIOR.,Mujer,55
ENSEÑANZA SECUNDARIA DE FORMACIÓN GENERAL.,Hombre,112
ENSEÑANZA SECUNDARIA DE FORMACIÓN GENERAL.,Mujer,132
ENSEÑANZA PREPRIMARIA Y PRIMARIA.,Hombre,32
ENSEÑANZA PREPRIMARIA Y PRIMARIA.,Mujer,142
ENSEÑANZA DEPORTIVA Y RECREATIVA.,Hombre,8
ENSEÑANZA DEPORTIVA Y RECREATIVA.,Mujer,3
ENSEÑANZA DE FORMACIÓN TÉCNICA Y PROFESIONAL.,Hombre,1
ENSEÑANZA DE FORMACIÓN TÉCNICA Y PROFESIONAL.,Mujer,1
ENSEÑANZA CULTURAL.,Hombre,2
ENSEÑANZA CULTURAL.,Mujer,5
ENSAYOS Y ANÁLISIS TÉCNICOS.,Hombre,1
ENSAYOS Y ANÁLISIS TÉCNICOS.,Mujer,1
"ELABORACIÓN Y CONSERVACIÓN DE FRUTAS, LEGUMBRES Y HORTALIZAS.",Hombre,15
"ELABORACIÓN Y CONSERVACIÓN DE FRUTAS, LEGUMBRES Y HORTALIZAS.",Mujer,8
ELABORACIÓN Y CONSERVACIÓN DE CARNE.,Hombre,51
ELABORACIÓN Y CONSERVACIÓN DE CARNE.,Mujer,17
ELABORACIÓN DE VINOS.,Mujer,2
ELABORACIÓN DE PRODUCTOS LÁCTEOS.,Hombre,41
ELABORACIÓN DE PRODUCTOS LÁCTEOS.,Mujer,4
ELABORACIÓN DE PRODUCTOS DE PANADERÍA.,Hombre,80
ELABORACIÓN DE PRODUCTOS DE PANADERÍA.,Mujer,68
ELABORACIÓN DE PRODUCTOS DE MOLINERÍA.,Hombre,2
ELABORACIÓN DE OTROS PRODUCTOS ALIMENTICIOS N.C.P.,Hombre,9
ELABORACIÓN DE OTROS PRODUCTOS ALIMENTICIOS N.C.P.,Mujer,6
"ELABORACIÓN DE MACARRONES, FIDEOS, ALCUZCUZ Y PRODUCTOS FARINÁCEOS SIMILARES.",Hombre,6
"ELABORACIÓN DE MACARRONES, FIDEOS, ALCUZCUZ Y PRODUCTOS FARINÁCEOS SIMILARES.",Mujer,3
"ELABORACIÓN DE CACAO, CHOCOLATE Y PRODUCTOS DE CONFITERÍA.",Hombre,3
"ELABORACIÓN DE CACAO, CHOCOLATE Y PRODUCTOS DE CONFITERÍA.",Mujer,2
ELABORACIÓN DE BEBIDAS NO ALCOHÓLICAS; PRODUCCIÓN DE AGUAS MINERALES Y OTRAS AGUAS EMBOTELLADAS.,Hombre,16
ELABORACIÓN DE BEBIDAS NO ALCOHÓLICAS; PRODUCCIÓN DE AGUAS MINERALES Y OTRAS AGUAS EMBOTELLADAS.,Mujer,4
ELABORACIÓN DE BEBIDAS MALTEADAS Y DE MALTA.,Hombre,5
ELABORACIÓN DE BEBIDAS MALTEADAS Y DE MALTA.,Mujer,1
ELABORACIÓN DE ALIMENTOS PREPARADOS PARA ANIMALES.,Hombre,4
ELABORACIÓN DE ALIMENTOS PREPARADOS PARA ANIMALES.,Mujer,1
ELABORACIÓN DE ACEITES Y GRASAS DE ORIGEN VEGETAL Y ANIMAL.,Hombre,2
"DESTILACIÓN, RECTIFICACIÓN Y MEZCLA DE BEBIDAS ALCOHÓLICAS.",Hombre,3
"DESTILACIÓN, RECTIFICACIÓN Y MEZCLA DE BEBIDAS ALCOHÓLICAS.",Mujer,3
CURTIDO Y ADOBO DE CUEROS; ADOBO Y TEÑIDO DE PIELES.,Hombre,10
CURTIDO Y ADOBO DE CUEROS; ADOBO Y TEÑIDO DE PIELES.,Mujer,2
CULTIVO DE PRODUCTOS AGRÍCOLAS EN COMBINACIÓN CON LA CRÍA DE ANIMALES (EXPLOTACIÓN MIXTA).,Hombre,7
CULTIVO DE PRODUCTOS AGRÍCOLAS EN COMBINACIÓN CON LA CRÍA DE ANIMALES (EXPLOTACIÓN MIXTA).,Mujer,9
CULTIVO DE PLANTAS DE FIBRAS.,Hombre,1
CULTIVO DE PLANTAS CON LAS QUE SE PREPARAN BEBIDAS.,Hombre,1
CULTIVO DE PLANTAS CON LAS QUE SE PREPARAN BEBIDAS.,Mujer,2
CULTIVO DE OTROS FRUTOS Y NUECES DE ÁRBOLES Y ARBUSTOS.,Hombre,1
CULTIVO DE OTRAS PLANTAS NO PERENNES.,Hombre,5
CULTIVO DE OTRAS PLANTAS NO PERENNES.,Mujer,8
"CULTIVO DE HORTALIZAS Y MELONES, RAÍCES Y TUBÉRCULOS.",Hombre,27
"CULTIVO DE HORTALIZAS Y MELONES, RAÍCES Y TUBÉRCULOS.",Mujer,37
CULTIVO DE FRUTAS TROPICALES Y SUBTROPICALES.,Hombre,1
"CULTIVO DE CEREALES (EXCEPTO ARROZ), LEGUMBRES Y SEMILLAS OLEAGINOSAS.",Hombre,37
"CULTIVO DE CEREALES (EXCEPTO ARROZ), LEGUMBRES Y SEMILLAS OLEAGINOSAS.",Mujer,28
CRÍA DE OTROS ANIMALES.,Hombre,4
CRÍA DE OTROS ANIMALES.,Mujer,19
CRÍA DE GANADO BOVINO Y BÚFALOS.,Hombre,15
CRÍA DE GANADO BOVINO Y BÚFALOS.,Mujer,12
CRÍA DE CERDOS.,Hombre,2
CRÍA DE CERDOS.,Mujer,3
CRÍA DE CABALLOS Y OTROS EQUINOS.,Hombre,3
CRÍA DE AVES DE CORRAL.,Hombre,7
CRÍA DE AVES DE CORRAL.,Mujer,11
"CORTE, TALLADO Y ACABADO DE LA PIEDRA.",Hombre,3
CONSTRUCCIÓN DE PROYECTOS DE SERVICIOS PÚBLICOS.,Hombre,7
CONSTRUCCIÓN DE PROYECTOS DE SERVICIOS PÚBLICOS.,Mujer,2
CONSTRUCCIÓN DE OTRAS OBRAS DE INGENIERÍA CIVIL.,Hombre,5
CONSTRUCCIÓN DE OTRAS OBRAS DE INGENIERÍA CIVIL.,Mujer,2
CONSTRUCCIÓN DE EDIFICIOS.,Hombre,646
CONSTRUCCIÓN DE EDIFICIOS.,Mujer,38
CONSTRUCCIÓN DE CARRETERAS Y LÍNEAS DE FERROCARRIL.,Hombre,15
CONSTRUCCIÓN DE CARRETERAS Y LÍNEAS DE FERROCARRIL.,Mujer,4
"CAPTACIÓN, TRATAMIENTO Y DISTRIBUCIÓN DE AGUA.",Hombre,28
"CAPTACIÓN, TRATAMIENTO Y DISTRIBUCIÓN DE AGUA.",Mujer,17
ASERRADO Y ACEPILLADURA DE MADERA.,Hombre,10
ASERRADO Y ACEPILLADURA DE MADERA.,Mujer,4
ALQUILER OTROS EFECTOS PERSONALES Y ARTÍCULOS DE USO DOMÉSTICOS.,Mujer,2
ALQUILER DE VEHÍCULOS AUTOMOTORES.,Hombre,2
"ALQUILER DE OTROS TIPOS DE MAQUINARIA, EQUIPO Y BIENES TANGIBLES.",Hombre,5
"ALQUILER DE OTROS TIPOS DE MAQUINARIA, EQUIPO Y BIENES TANGIBLES.",Mujer,7
ALQUILER DE CINTAS DE VIDEO Y DISCOS.,Mujer,1
ALMACENAMIENTO Y DEPÓSITO.,Hombre,12
ADMINISTRACIÓN DE MERCADOS FINANCIEROS.,Hombre,1
ACUICULTURA MARINA.,Hombre,3
ACUICULTURA DE AGUA DULCE.,Hombre,1
ACTIVIDADES VETERINARIAS.,Hombre,12
ACTIVIDADES VETERINARIAS.,Mujer,9
ACTIVIDADES JURÍDICAS.,Hombre,43
ACTIVIDADES JURÍDICAS.,Mujer,33
ACTIVIDADES INMOBILIARIAS REALIZADAS CON BIENES PROPIOS O ARRENDADOS.,Hombre,20
ACTIVIDADES INMOBILIARIAS REALIZADAS CON BIENES PROPIOS O ARRENDADOS.,Mujer,16
ACTIVIDADES INMOBILIARIAS REALIZADAS A CAMBIO DE UNA RETRIBUCIÓN O POR CONTRATO.,Hombre,11
ACTIVIDADES INMOBILIARIAS REALIZADAS A CAMBIO DE UNA RETRIBUCIÓN O POR CONTRATO.,Mujer,12
ACTIVIDADES ESPECIALIZADAS DE DISEÑO.,Hombre,12
ACTIVIDADES ESPECIALIZADAS DE DISEÑO.,Mujer,8
ACTIVIDADES DE TELECOMUNICACIONES INALÁMBRICAS.,Hombre,1
ACTIVIDADES DE TELECOMUNICACIONES INALÁMBRICAS.,Mujer,1
ACTIVIDADES DE TELECOMUNICACIONES ALÁMBRICA.,Hombre,39
ACTIVIDADES DE TELECOMUNICACIONES ALÁMBRICA.,Mujer,5
ACTIVIDADES DE SERVICIOS VINCULADAS AL TRANSPORTE TERRESTRE.,Hombre,11
ACTIVIDADES DE SERVICIOS VINCULADAS AL TRANSPORTE TERRESTRE.,Mujer,3
ACTIVIDADES DE SERVICIOS VINCULADAS AL TRANSPORTE AÉREO.,Hombre,1
ACTIVIDADES DE SERVICIOS VINCULADAS AL TRANSPORTE AÉREO.,Mujer,4
ACTIVIDADES DE SERVICIOS RELACIONADOS CON LA IMPRESIÓN.,Hombre,2
ACTIVIDADES DE SERVICIOS DE SISTEMAS DE SEGURIDAD.,Hombre,6
ACTIVIDADES DE SERVICIOS DE SISTEMAS DE SEGURIDAD.,Mujer,1
ACTIVIDADES DE SERVICIO DE BEBIDAS.,Hombre,4
ACTIVIDADES DE SERVICIO DE BEBIDAS.,Mujer,14
ACTIVIDADES DE SEGURIDAD PRIVADA.,Hombre,96
ACTIVIDADES DE SEGURIDAD PRIVADA.,Mujer,24
ACTIVIDADES DE RESTAURANTES Y DE SERVICIO MÓVIL DE COMIDAS.,Hombre,153
ACTIVIDADES DE RESTAURANTES Y DE SERVICIO MÓVIL DE COMIDAS.,Mujer,405
ACTIVIDADES DE PROGRAMACIÓN INFORMÁTICA.,Hombre,27
ACTIVIDADES DE PROGRAMACIÓN INFORMÁTICA.,Mujer,3
"ACTIVIDADES DE PRODUCCIÓN DE PELÍCULAS CINEMATOGRÁFICAS, VÍDEOS Y PROGRAMAS DE TELEVISIÓN.",Hombre,2
"ACTIVIDADES DE PRODUCCIÓN DE PELÍCULAS CINEMATOGRÁFICAS, VÍDEOS Y PROGRAMAS DE TELEVISIÓN.",Mujer,1
ACTIVIDADES DE PLANES DE SEGURIDAD SOCIAL DE AFILIACIÓN OBLIGATORIA.,Hombre,5
ACTIVIDADES DE PLANES DE SEGURIDAD SOCIAL DE AFILIACIÓN OBLIGATORIA.,Mujer,8
ACTIVIDADES DE PELUQUERÍA Y OTROS TRATAMIENTOS DE BELLEZA.,Hombre,19
ACTIVIDADES DE PELUQUERÍA Y OTROS TRATAMIENTOS DE BELLEZA.,Mujer,113
ACTIVIDADES DE PARQUES DE ATRACCIONES Y PARQUES TEMÁTICOS.,Mujer,2
ACTIVIDADES DE PAISAJISMO Y SERVICIOS DE MANTENIMIENTO CONEXOS.,Hombre,24
ACTIVIDADES DE PAISAJISMO Y SERVICIOS DE MANTENIMIENTO CONEXOS.,Mujer,4
ACTIVIDADES DE OTRAS ASOCIACIONES N.C.P.,Mujer,4
ACTIVIDADES DE ORGANIZACIONES RELIGIOSAS.,Hombre,3
ACTIVIDADES DE ORGANIZACIONES RELIGIOSAS.,Mujer,5
ACTIVIDADES DE ORGANIZACIONES POLÍTICAS.,Mujer,1
ACTIVIDADES DE OPERADORES TURÍSTICOS.,Hombre,2
ACTIVIDADES DE OPERADORES TURÍSTICOS.,Mujer,1
ACTIVIDADES DE MUSEOS Y GESTIÓN DE LUGARES Y EDIFICIOS HISTÓRICOS.,Hombre,1
ACTIVIDADES DE MUSEOS Y GESTIÓN DE LUGARES Y EDIFICIOS HISTÓRICOS.,Mujer,1
ACTIVIDADES DE MENSAJERÍA.,Hombre,30
ACTIVIDADES DE MENSAJERÍA.,Mujer,2
ACTIVIDADES DE MÉDICOS Y ODONTÓLOGOS.,Hombre,67
ACTIVIDADES DE MÉDICOS Y ODONTÓLOGOS.,Mujer,162
ACTIVIDADES DE MANTENIMIENTO DEL ORDEN PÚBLICO Y DE SEGURIDAD.,Hombre,80
ACTIVIDADES DE MANTENIMIENTO DEL ORDEN PÚBLICO Y DE SEGURIDAD.,Mujer,36
ACTIVIDADES DE LOS HOGARES COMO EMPLEADORES DE PERSONAL DOMÉSTICO.,Hombre,26
ACTIVIDADES DE LOS HOGARES COMO EMPLEADORES DE PERSONAL DOMÉSTICO.,Mujer,361
ACTIVIDADES DE LA ADMINISTRACIÓN PÚBLICA EN GENERAL.,Hombre,125
ACTIVIDADES DE LA ADMINISTRACIÓN PÚBLICA EN GENERAL.,Mujer,90
ACTIVIDADES DE JARDINES BOTÁNICOS Y ZOOLÓGICOS Y RESERVAS NATURALES.,Hombre,1
ACTIVIDADES DE JARDINES BOTÁNICOS Y ZOOLÓGICOS Y RESERVAS NATURALES.,Mujer,1
ACTIVIDADES DE IMPRESIÓN.,Hombre,16
ACTIVIDADES DE IMPRESIÓN.,Mujer,8
ACTIVIDADES DE HOSPITALES Y CLÍNICAS.,Hombre,64
ACTIVIDADES DE HOSPITALES Y CLÍNICAS.,Mujer,146
ACTIVIDADES DE FOTOGRAFÍA.,Mujer,1
ACTIVIDADES DE DEFENSA.,Hombre,45
ACTIVIDADES DE DEFENSA.,Mujer,5
"ACTIVIDADES DE CONTABILIDAD, TENEDURÍA DE LIBROS Y AUDITORIAS; CONSULTORÍA FISCAL.",Hombre,23
"ACTIVIDADES DE CONTABILIDAD, TENEDURÍA DE LIBROS Y AUDITORIAS; CONSULTORÍA FISCAL.",Mujer,100
ACTIVIDADES DE CONSULTORÍA DE INFORMÁTICA Y DE GESTIÓN DE INSTALACIONES INFORMÁTICAS.,Hombre,2
ACTIVIDADES DE CONSULTORÍA DE INFORMÁTICA Y DE GESTIÓN DE INSTALACIONES INFORMÁTICAS.,Mujer,2
ACTIVIDADES DE CONSULTORÍA DE GESTIÓN.,Hombre,6
ACTIVIDADES DE CONSULTORÍA DE GESTIÓN.,Mujer,4
ACTIVIDADES DE CLUBES DEPORTIVOS.,Hombre,4
ACTIVIDADES DE CLUBES DEPORTIVOS.,Mujer,1
ACTIVIDADES DE CENTROS DE LLAMADAS.,Hombre,1
ACTIVIDADES DE CENTROS DE LLAMADAS.,Mujer,4
ACTIVIDADES DE BIBLIOTECAS Y ARCHIVOS.,Hombre,2
ACTIVIDADES DE BIBLIOTECAS Y ARCHIVOS.,Mujer,5
ACTIVIDADES DE ATENCIÓN EN INSTITUCIONES PARA PERSONAS DE EDAD Y PERSONAS CON DISCAPACIDAD.,Hombre,2
ACTIVIDADES DE ATENCIÓN EN INSTITUCIONES PARA PERSONAS DE EDAD Y PERSONAS CON DISCAPACIDAD.,Mujer,13
"ACTIVIDADES DE ATENCIÓN EN INSTITUCIONES PARA PERSONAS CON RETRASO MENTAL, ENFERMOS MENTALES Y TOXICÓMANOS.",Mujer,1
ACTIVIDADES DE ATENCIÓN DE ENFERMERÍA EN INSTITUCIONES.,Mujer,1
ACTIVIDADES DE ASOCIACIONES PROFESIONALES.,Hombre,3
ACTIVIDADES DE ASOCIACIONES PROFESIONALES.,Mujer,1
ACTIVIDADES DE ASOCIACIONES EMPRESARIALES Y DE EMPLEADORES.,Mujer,1
ACTIVIDADES DE ASISTENCIA SOCIAL SIN ALOJAMIENTO PARA PERSONAS DE EDAD Y PERSONAS CON DISCAPACIDAD.,Hombre,1
ACTIVIDADES DE ASISTENCIA SOCIAL SIN ALOJAMIENTO PARA PERSONAS DE EDAD Y PERSONAS CON DISCAPACIDAD.,Mujer,19
ACTIVIDADES DE ARQUITECTURA E INGENIERÍA Y ACTIVIDADES CONEXAS DE CONSULTORÍA TÉCNICA.,Hombre,28
ACTIVIDADES DE ARQUITECTURA E INGENIERÍA Y ACTIVIDADES CONEXAS DE CONSULTORÍA TÉCNICA.,Mujer,8
ACTIVIDADES DE APOYO PARA LA EXTRACCIÓN DE PETRÓLEO Y GAS NATURAL.,Hombre,2
ACTIVIDADES DE APOYO PARA LA EXPLOTACIÓN DE OTRAS MINAS Y CANTERAS.,Hombre,3
ACTIVIDADES DE APOYO A LA ENSEÑANZA.,Mujer,1
ACTIVIDADES DE APOYO A LA AGRICULTURA.,Hombre,9
ACTIVIDADES DE APOYO A LA AGRICULTURA.,Mujer,4
ACTIVIDADES DE ALOJAMIENTO PARA ESTANCIAS CORTAS.,Hombre,7
ACTIVIDADES DE ALOJAMIENTO PARA ESTANCIAS CORTAS.,Mujer,26
ACTIVIDADES DE AGENCIAS DE VIAJES.,Hombre,7
ACTIVIDADES DE AGENCIAS DE VIAJES.,Mujer,16
ACTIVIDADES DE AGENCIAS DE NOTICIAS.,Hombre,1
ACTIVIDADES DE AGENCIAS DE COBRO Y AGENCIAS DE CALIFICACIÓN CREDITICIA.,Hombre,2
ACTIVIDADES DE AGENCIAS DE COBRO Y AGENCIAS DE CALIFICACIÓN CREDITICIA.,Mujer,5
"ACTIVIDADES CREATIVAS, ARTÍSTICAS Y DE ENTRETENIMIENTO.",Hombre,10
"ACTIVIDADES CREATIVAS, ARTÍSTICAS Y DE ENTRETENIMIENTO.",Mujer,4
ACTIVIDADES COMBINADAS DE SERVICIOS ADMINISTRATIVOS DE OFICINA.,Hombre,1
